01/09/1941;193,909;59,227;95,099
01/10/1941;198,178;30,415;80,256
01/11/1941;102,885;32,831;53,137
01/12/1941;124,893;35,329;67,16
01/01/1942;261,286;30,415;91,492
01/02/1942;49,998;9,149;23,966
01/03/1942;20,637;9,521;13,403
01/04/1942;14,766;12,401;13,078
01/05/1942;19,124;13,315;16,492
01/06/1942;39,67;27,322;30,833
01/07/1942;39,226;27,322;30,981
01/08/1942;68,006;34,487;46,104
01/09/1942;102,885;41,924;60,722
01/10/1942;133,154;61,371;81,835
01/11/1942;817,089;74,941;334,532
01/12/1942;121,216;37,907;57,465
01/01/1943;63,549;12,179;34,572
01/02/1943;15,272;8,26;11,324
01/03/1943;11,959;8,09;10,133
01/04/1943;16,854;11,528;14,769
01/05/1943;26,945;15,788;19,621
01/06/1943;35,329;25,83;29,883
01/07/1943;69,141;34,907;46,184
01/08/1943;83,406;40,565;49,95
01/09/1943;147,971;46,12;69,86
01/10/1943;115,434;40,565;65,755
01/11/1943;297,558;38,784;82,534
01/12/1943;104,248;15,788;58,069
01/01/1944;24,376;8,787;17,535
01/02/1944;15,788;9,903;12,156
01/03/1944;22,96;15,018;17,478
01/04/1944;27,322;19,124;22,465
01/05/1944;58,167;27,322;36,354
01/06/1944;44,234;30,415;34,954
01/07/1944;79,729;33,655;44,331
01/08/1944;369,594;217,788;272,342
01/09/1944;399,373;226,712;269,757
01/10/1944;399,373;226,712;269,757
01/11/1944;;;
01/12/1944;;;
01/01/1945;82,173;22,96;39,781
01/02/1945;82,173;22,96;39,781
01/03/1945;76,126;15,788;31,944
01/04/1945;76,126;15,788;31,944
01/05/1945;15,788;8,09;10,693
01/06/1945;15,788;8,09;10,693
01/07/1945;28,85;11,959;16,806
01/08/1945;28,85;11,959;16,806
01/09/1945;19,124;13,788;15,974
01/10/1945;19,124;13,788;15,974
01/11/1945;32,017;19,124;25,157
01/12/1945;32,017;19,124;25,157
01/01/1946;41,469;28,85;33,014
01/02/1946;41,469;28,85;33,014
01/03/1946;106,997;36,179;49,406
01/04/1946;106,997;36,179;49,406
01/05/1946;163,477;46,12;67,539
01/06/1946;163,477;46,12;67,539
01/07/1946;125,634;56,074;79,674
01/08/1946;125,634;56,074;79,674
01/09/1946;75,532;28,85;50,805
01/10/1946;75,532;28,85;50,805
01/11/1946;59,227;19,124;31,245
01/12/1946;59,227;19,124;31,245
01/01/1947;200,521;69,262;103,703
01/02/1947;158,2;68,064;100,212
01/03/1947;105,908;43,057;62,512
01/04/1947;487,578;12,234;46,251
01/05/1947;15,568;7,019;9,635
01/06/1947;39,412;9,773;12,478
01/07/1947;27,807;11,375;15,356
01/08/1947;46,846;15,06;20,216
01/09/1947;24,828;17,708;20,708
01/10/1947;34,217;24,828;27,327
01/11/1947;85,966;34,217;50,941
01/12/1947;124,685;37,644;57,757
01/01/1948;110,119;18,271;34,519
01/02/1948;57,998;28,576;37,656
01/03/1948;89,805;40,31;59,565
01/04/1948;138,483;22,692;46,686
01/05/1948;45,886;19,43;30,581
01/06/1948;24,106;18,845;21,585
01/07/1948;33,383;23,395;27,655
01/08/1948;48,794;34,217;39,368
01/09/1948;135,361;46,846;61,995
01/10/1948;187,307;46,846;60,511
01/11/1948;358,968;64,527;117,051
01/12/1948;129,212;55,891;82,001
01/01/1949;220,008;64,527;106,164
01/02/1949;320,109;33,383;76,788
01/03/1949;143,227;22;45,544
01/04/1949;45,886;16,086;27,41
01/05/1949;26,299;17,156;20,194
01/06/1949;40,31;19,43;24,231
01/07/1949;35,912;25,558;30,069
01/08/1949;48,794;35,912;43,395
01/09/1949;110,119;44,934;59,132
01/10/1949;84,703;54,851;63,118
01/11/1949;100,408;65,646;81,624
01/12/1949;166,304;65,646;98,491
01/01/1950;204,642;77,302;121,033
01/02/1950;396,633;107,303;199,06
01/03/1950;287,723;42,132;86,963
01/04/1950;152,928;29,354;53,696
01/05/1950;74,902;24,828;42,864
01/06/1950;33,383;25,558;29,964
01/07/1950;47,816;34,217;41,066
01/08/1950;61,224;46,846;53,051
01/09/1950;87,237;61,224;68,497
01/10/1950;117,3;72,537;86,782
01/11/1950;222,235;95,04;137,913
01/12/1950;607,085;164,605;332,556
01/01/1951;133,812;65,646;89,648
01/02/1951;204,642;65,646;107,074
01/03/1951;164,605;48,794;76,05
01/04/1951;144,824;39,412;66,68
01/05/1951;111,539;30,938;54,682
01/06/1951;59,065;22,692;27,195
01/07/1951;38,523;27,807;32,86
01/08/1951;48,794;37,644;44,428
01/09/1951;65,646;45,886;54,84
01/10/1951;78,514;56,94;67,594
01/11/1951;854,487;73,716;169,334
01/12/1951;435,605;80,965;142,223
01/01/1952;224,47;99,054;133,422
01/02/1952;325,199;95,04;163,344
01/03/1952;668,587;48,794;169,694
01/04/1952;87,237;32,559;52,197
01/05/1952;69,053;36,774;47,427
01/06/1952;96,37;28,576;47,087
01/07/1952;39,412;30,938;33,883
01/08/1952;50,778;36,774;42,551
01/09/1952;56,94;47,816;52,142
01/10/1952;87,237;53,82;66,295
01/11/1952;157,885;67,909;99,536
01/12/1952;275,595;87,237;131,954
01/01/1953;317,575;112,967;193,339
01/02/1953;523,361;54,851;167,187
01/03/1953;626,28;22;119,461
01/04/1953;101,771;26,299;40,308
01/05/1953;50,778;22;31,101
01/06/1953;29,354;23,395;25,637
01/07/1953;47,816;29,354;35,811
01/08/1953;50,778;38,523;44,27
01/09/1953;71,367;50,778;58,141
01/10/1953;174,919;65,646;90,113
01/11/1953;254,234;88,517;131,751
01/12/1953;273,192;87,237;141,584
01/01/1954;330,318;89,805;149,742
01/02/1954;187,307;37,644;83,64
01/03/1954;191,787;23,395;68,304
01/04/1954;76,098;21,317;36,616
01/05/1954;57,998;15,568;23,959
01/06/1954;22,692;16,086;19,132
01/07/1954;37,644;23,395;28,527
01/08/1954;44,934;34,217;37,48
01/09/1954;48,794;38,523;43,175
01/10/1954;60,14;43,057;50,84
01/11/1954;87,237;59,065;68,366
01/12/1954;287,723;71,367;102,404
01/01/1955;233,488;107,303;157,954
01/02/1955;563,125;99,054;225,021
01/03/1955;141,638;73,716;109,647
01/04/1955;429,959;30,141;78,558
01/05/1955;78,514;30,938;50,396
01/06/1955;61,224;26,299;37,206
01/07/1955;43,057;30,141;33,745
01/08/1955;45,886;35,912;40,835
01/09/1955;59,065;45,886;50,783
01/10/1955;80,965;61,224;68,224
01/11/1955;572,447;76,098;223,913
01/12/1955;372,267;118,761;191,474
01/01/1956;247,249;82,202;135,879
01/02/1956;249,57;48,794;103,194
01/03/1956;173,181;71,367;112,089
01/04/1956;123,192;27,807;50,206
01/05/1956;74,902;22;35,261
01/06/1956;44,934;27,807;31,893
01/07/1956;35,912;27,807;31,218
01/08/1956;48,794;37,644;41,72
01/09/1956;73,716;46,846;54,539
01/10/1956;173,181;46,846;69,897
01/11/1956;99,054;59,065;70,094
01/12/1956;517,335;74,902;135,955
01/01/1957;295,089;74,902;125,912
01/02/1957;688,441;79,735;219,419
01/03/1957;715,23;37,644;153,889
01/04/1957;78,514;18,271;32,093
01/05/1957;56,94;16,086;27,256
01/06/1957;23,395;16,086;19,66
01/07/1957;34,217;23,395;28,509
01/08/1957;54,851;34,217;40,181
01/09/1957;56,94;40,31;47,684
01/10/1957;84,703;53,82;62,748
01/11/1957;171,45;61,224;89,816
01/12/1957;196,039;70,206;107,054
01/01/1958;458,448;82,202;143,297
01/02/1958;168,012;38,523;98,296
01/03/1958;112,967;33,383;55,977
01/04/1958;91,101;22;42,681
01/05/1958;30,938;17,708;22,024
01/06/1958;27,807;19,43;23,308
01/07/1958;30,938;26,299;28,363
01/08/1958;41,217;30,938;35,835
01/09/1958;52,797;38,523;44,329
01/10/1958;65,646;50,778;58,066
01/11/1958;161,229;67,909;100,368
01/12/1958;302,519;71,367;139,408
01/01/1959;251,898;78,514;146,787
01/02/1959;407,636;52,797;126,321
01/03/1959;126,186;17,156;59,412
01/04/1959;52,797;13,135;25,882
01/05/1959;55,891;9,397;13,655
01/06/1959;23,395;14,563;17,827
01/07/1959;20,644;14,076;16,436
01/08/1959;22,692;19,43;21,441
01/09/1959;28,576;22,692;25,076
01/10/1959;40,31;28,576;32,208
01/11/1959;59,065;31,744;42,596
01/12/1959;120,23;53,82;74,304
01/01/1960;322,651;56,94;143,022
01/02/1960;320,109;41,217;92,728
01/03/1960;380,328;22,692;53,89
01/04/1960;88,517;13,135;29,411
01/05/1960;48,794;12,234;22,582
01/06/1960;20,644;10,96;13,974
01/07/1960;17,156;12,68;14,184
01/08/1960;21,317;16,086;18,362
01/09/1960;34,217;21,317;25,54
01/10/1960;61,224;23,395;31,524
01/11/1960;152,928;27,807;50,067
01/12/1960;89,805;39,412;54,228
01/01/1961;76,098;39,412;50,863
01/02/1961;123,192;40,31;63,492
01/03/1961;242,631;38,523;82,664
01/04/1961;78,514;17,156;38,417
01/05/1961;30,141;14,563;20,129
01/06/1961;82,202;24,828;37,559
01/07/1961;31,744;24,106;27,839
01/08/1961;36,774;31,744;33,213
01/09/1961;42,132;34,217;38,195
01/10/1961;55,891;42,132;46,729
01/11/1961;130,737;56,94;78,942
01/12/1961;263,652;88,517;148,731
01/01/1962;435,605;101,771;243,328
01/02/1962;340,638;47,816;200,144
01/03/1962;96,37;14,076;36,802
01/04/1962;44,934;14,563;21,274
01/05/1962;30,141;15,568;19,198
01/06/1962;73,716;18,845;29,065
01/07/1962;27,048;20,027;23,86
01/08/1962;37,644;27,048;31,779
01/09/1962;43,057;35,912;39,611
01/10/1962;63,417;42,132;48,344
01/11/1962;88,517;52,797;70,2
01/12/1962;407,636;89,805;157,947
01/01/1963;496,44;52,797;115,9
01/02/1963;193,909;66,773;109,442
01/03/1963;168,012;45,886;91,363
01/04/1963;130,737;22;52,068
01/05/1963;120,23;18,845;37,231
01/06/1963;22,692;17,156;19,013
01/07/1963;61,224;22,692;30,722
01/08/1963;34,217;25,558;30,298
01/09/1963;65,646;35,06;41,758
01/10/1963;84,703;42,132;55,008
01/11/1963;178,42;49,782;74,055
01/12/1963;1059,808;61,224;161,043
01/01/1964;217,788;70,206;119,015
01/02/1964;121,707;40,31;72,118
01/03/1964;176,665;39,412;74,375
01/04/1964;129,212;19,587;52,424
01/05/1964;108,336;18,393;35,024
01/06/1964;41,342;19,587;23,6
01/07/1964;29,384;22,692;26,47
01/08/1964;38,988;29,384;33,88
01/09/1964;117,627;36,685;54,21
01/10/1964;52,11;35,178;39,536
01/11/1964;105,31;42,939;53,158
01/12/1964;152,575;48,701;81,885
01/01/1965;117,627;60,63;83,408
01/02/1965;325,222;52,976;140,835
01/03/1965;149,087;33,694;54,695
01/04/1965;109,863;18,393;39,315
01/05/1965;25,293;17,806;20,705
01/06/1965;42,138;19,587;28,48
01/07/1965;27,31;19,587;23,49
01/08/1965;38,988;24,633;29,151
01/09/1965;38,988;28,687;32,249
01/10/1965;58,276;35,928;40,362
01/11/1965;77,023;39,767;51,666
01/12/1965;132,146;58,252;81,537
01/01/1966;222,962;46,96;79,065
01/02/1966;183,553;41,695;89,013
01/03/1966;92,131;25,572;48,539
01/04/1966;54,76;21,16;28,038
01/05/1966;49,139;21,692;29,543
01/06/1966;27,318;22,229;24,487
01/07/1966;34,762;25,572;29,971
01/08/1966;48,044;34,762;41,097
01/09/1966;55,914;48,044;51,196
01/10/1966;168,682;57,078;76,392
01/11/1966;548,049;67,995;104,771
01/12/1966;152,575;87,9;115,099
01/01/1967;754,615;132,146;360,454
01/02/1967;278,817;66,744;128,348
01/03/1967;448,297;32,877;104,46
01/04/1967;176,053;20,634;52,375
01/05/1967;59,436;19,599;27,696
01/06/1967;28,509;21,692;24,791
01/07/1967;38,66;28,509;33,257
01/08/1967;54,76;37,67;41,402
01/09/1967;48,044;39,661;43,581
01/10/1967;69,256;48,044;55,117
01/11/1967;154,332;63,046;85,886
01/12/1967;303,976;93,56;147,138
01/01/1968;252,4;89,302;127,267
01/02/1968;498,569;127,229;255,011
01/03/1968;237,493;27,911;77,999
01/04/1968;85,126;25,001;43,066
01/05/1968;87,9;28,509;45,234
01/06/1968;81,033;28,509;41,202
01/07/1968;41,695;32,877;36,82
01/08/1968;48,044;37,67;42,27
01/09/1968;132,146;48,044;64,409
01/10/1968;65,502;50,243;57,864
01/11/1968;274,339;66,744;123,98
01/12/1968;272,111;86,508;121,642
01/01/1969;349,517;64,269;194,346
01/02/1969;159,652;44,823;66,929
01/03/1969;143,916;57,078;82,494
01/04/1969;179,787;48,044;94,061
01/05/1969;119,205;32,877;72,917
01/06/1969;86,508;27,318;38,121
01/07/1969;33,814;27,318;30,701
01/08/1969;40,673;33,814;37,341
01/09/1969;52,481;40,673;45,76
01/10/1969;109,863;52,481;68,293
01/11/1969;208,811;77,023;103,816
01/12/1969;369,469;74,396;120,437
01/01/1970;306,307;75,705;147,356
01/02/1970;382,17;38,66;116,089
01/03/1970;156,097;27,911;54,572
01/04/1970;78,35;26,73;35,404
01/05/1970;87,9;31,951;47,001
01/06/1970;41,695;33,814;36,448
01/07/1970;48,044;37,67;43,079
01/08/1970;59,436;49,139;53,687
01/09/1970;81,033;59,436;70,128
01/10/1970;225,015;81,033;120,544
01/11/1970;402,857;145,632;243,794
01/12/1970;448,297;93,56;195,391
01/01/1971;254,234;117,627;163,438
01/02/1971;446,975;26,408;169,198
01/03/1971;54,957;22,295;37,756
01/04/1971;53,042;25,005;33,402
01/05/1971;88,171;22,96;35,54
01/06/1971;80,103;23,634;31,424
01/07/1971;139,598;27,122;33,991
01/08/1971;47,469;22,96;29,29
01/09/1971;48,38;26,408;31,646
01/10/1971;147,243;27,122;61,126
01/11/1971;151,119;46,565;71,925
01/12/1971;211,179;74,54;119,327
01/01/1972;204,642;61,881;88,175
01/02/1972;526,383;65,991;198,324
01/03/1972;688,441;35,491;251,236
01/04/1972;57,882;25,703;37,159
01/05/1972;61,881;21,638;28,535
01/06/1972;45,669;30,056;35,372
01/07/1972;77,858;30,056;45,538
01/08/1972;94,131;30,056;40,652
01/09/1972;69,146;41,298;51,222
01/10/1972;78,977;46,565;57,426
01/11/1972;155,031;65,991;99,17
01/12/1972;247,249;100,253;154,11
01/01/1973;905,263;82,375;273,226
01/02/1973;523,361;73,448;156,63
01/03/1973;222,235;37,934;77,768
01/04/1973;151,119;35,491;70,022
01/05/1973;402,121;17,87;55,158
01/06/1973;27,844;17,87;22,73
01/07/1973;32,339;28,573;29,653
01/08/1973;46,565;32,339;39,086
01/09/1973;71,283;46,565;54,671
01/10/1973;99,016;54,957;66,525
01/11/1973;217,788;130,247;164,818
01/12/1973;455,57;145,318;285,712
01/01/1974;432,779;65,991;210,551
01/02/1974;177,166;65,991;107,662
01/03/1974;520,345;75,64;157,197
01/04/1974;220,008;26,408;84,725
01/05/1974;132,098;22,96;43,247
01/06/1974;47,469;24,315;30,39
01/07/1974;35,491;26,408;30,49
01/08/1974;44,78;33,115;38,019
01/09/1974;67,036;43,024;48,512
01/10/1974;92,926;53,042;63,658
01/11/1974;217,788;63,922;89,216
01/12/1974;658,737;82,375;211,859
01/01/1975;391,171;88,171;195,474
01/02/1975;572,447;57,882;133,113
01/03/1975;292,626;28,573;83,533
01/04/1975;54,957;14,964;24,508
01/05/1975;53,996;16,682;29,296
01/06/1975;75,64;17,87;26,832
01/07/1975;58,871;26,408;34,523
01/08/1975;45,669;27,844;31,994
01/09/1975;61,881;31,57;37,857
01/10/1975;164,963;33,899;67,12
01/11/1975;96,56;44,78;59,856
01/12/1975;217,788;42,157;108,555
01/01/1976;224,47;44,78;83,925
01/02/1976;175,111;54,957;80,862
01/03/1976;107,812;27,122;56,86
01/04/1976;95,342;25,005;44,604
01/05/1976;49,298;23,634;31,431
01/06/1976;43,024;28,573;32,851
01/07/1976;40,446;35,491;38,985
01/08/1976;49,298;41,298;44,69
01/09/1976;60,871;46,565;53,39
01/10/1976;76,745;57,882;66,402
01/11/1976;268,407;76,745;117,485
01/12/1976;458,448;112,978;241,388
01/01/1977;310,015;71,283;131,333
01/02/1977;566,226;54,957;194,658
01/03/1977;109,094;52,095;76,559
01/04/1977;166,975;20,349;43,842
01/05/1977;62,898;26,408;38,063
01/06/1977;48,38;31,57;38,458
01/07/1977;48,38;30,056;36,167
01/08/1977;39,601;33,115;35,85
01/09/1977;52,095;40,446;46,724
01/10/1977;175,111;53,042;81,746
01/11/1977;251,898;55,925;102,631
01/12/1977;204,642;65,991;91,112
01/01/1978;282,85;71,283;102,403
01/02/1978;240,334;69,146;133,207
01/03/1978;312,528;114,285;169,895
01/04/1978;106,536;65,991;80,599
01/05/1978;187,568;47,469;68,116
01/06/1978;151,119;39,601;68,24
01/07/1978;55,925;42,157;49,099
01/08/1978;114,285;53,996;64,366
01/09/1978;191,787;65,991;85,896
01/10/1978;171,026;77,858;93,154
01/11/1978;404,875;99,016;162,341
01/12/1978;353,697;114,285;189,072
01/01/1979;759,527;130,247;325,714
01/02/1979;652,2;133,96;331,937
01/03/1979;335,464;37,934;139,451
01/04/1979;100,253;36,298;70,099
01/05/1979;84,674;43,024;60,555
01/06/1979;60,871;30,056;36,667
01/07/1979;69,146;34,691;45,491
01/08/1979;61,881;43,024;50,178
01/09/1979;73,448;53,996;61,224
01/10/1979;106,536;61,881;71,854
01/11/1979;215,577;74,54;105,65
01/12/1979;514,331;147,243;234,981
01/01/1980;467,121;82,375;169,287
01/02/1980;623,066;85,833;190,822
01/03/1980;173,064;45,669;84,312
01/04/1980;139,598;30,056;53,446
01/05/1980;185,471;15,528;45,19
01/06/1980;21,638;15,528;18,114
01/07/1980;26,408;22,96;23,882
01/08/1980;28,573;22,96;25,469
01/09/1980;45,669;30,056;34,199
01/10/1980;58,871;30,056;38,133
01/11/1980;74,54;41,298;53,262
01/12/1980;396,633;49,298;95,674
01/01/1981;222,235;51,155;100,627
01/02/1981;185,471;62,898;111,896
01/03/1981;353,697;55,925;122,802
01/04/1981;124,746;29,311;57,688
01/05/1981;59,868;20,349;28,148
01/06/1981;36,298;22,96;26,447
01/07/1981;30,056;26,408;27,856
01/08/1981;46,565;30,056;35,799
01/09/1981;78,977;37,934;43,979
01/10/1981;60,871;45,669;53,512
01/11/1981;200,324;57,882;103,098
01/12/1981;206,813;53,996;95,348
01/01/1982;773,345;94,131;216,73
01/02/1982;353,697;73,448;146,922
01/03/1982;361,614;32,339;118,269
01/04/1982;151,119;17,272;49,653
01/05/1982;84,674;16,101;26,243
01/06/1982;74,54;18,477;27,354
01/07/1982;25,005;19,093;20,842
01/08/1982;36,298;22,96;26,791
01/09/1982;39,601;24,315;29,244
01/10/1982;53,042;29,311;35,381
01/11/1982;107,812;33,899;47,846
01/12/1982;193,909;46,565;69,138
01/01/1983;233,488;70,211;110,421
01/02/1983;139,598;69,146;89,547
01/03/1983;145,318;43,024;76,693
01/04/1983;149,176;27,844;58,655
01/05/1983;78,977;14,964;30,861
01/06/1983;37,112;17,87;24,074
01/07/1983;26,408;22,295;23,14
01/08/1983;37,934;26,408;31,062
01/09/1983;75,64;31,57;44,797
01/10/1983;86,999;30,056;46,082
01/11/1983;86,999;42,157;52,517
01/12/1983;158,977;46,565;69,581
01/01/1984;292,626;55,925;87,2
01/02/1984;404,875;65,991;147,431
01/03/1984;275,595;49,298;112,651
01/04/1984;177,166;22,295;56,819
01/05/1984;100,253;16,101;30,154
01/06/1984;51,155;19,093;26,207
01/07/1984;22,96;18,477;21,413
01/08/1984;33,899;22,96;27,814
01/09/1984;63,922;33,899;43,874
01/10/1984;58,871;37,934;45,769
01/11/1984;275,595;54,957;87,166
01/12/1984;121,126;47,469;68,576
01/01/1985;256,577;56,9;86,854
01/02/1985;438,438;55,925;145,718
01/03/1985;242,631;49,298;106,388
01/04/1985;233,488;33,899;79,299
01/05/1985;100,253;24,315;50,425
01/06/1985;106,536;19,716;42,931
01/07/1985;41,298;21,638;25,418
01/08/1985;40,446;22,96;29,957
01/09/1985;56,9;31,57;39,861
01/10/1985;80,103;45,669;52,275
01/11/1985;222,235;47,469;83,971
01/12/1985;292,626;69,146;129,731
01/01/1986;508,342;55,925;161,936
01/02/1986;263,652;38,764;82,44
01/03/1986;139,598;29,311;60,286
01/04/1986;155,031;17,272;49,223
01/05/1986;40,446;13,325;19,446
01/06/1986;22,295;11,131;13,78
01/07/1986;21,638;14,964;18,301
01/08/1986;32,339;21,638;26,061
01/09/1986;30,056;25,005;27,478
01/10/1986;53,042;30,056;39,368
01/11/1986;603,907;43,898;98,908
01/12/1986;69,146;37,112;51,634
01/01/1987;183,382;45,669;78,58
01/02/1987;193,909;47,469;82,396
01/03/1987;315,048;26,408;94,244
01/04/1987;63,922;19,093;29,781
01/05/1987;160,964;17,87;38,259
01/06/1987;23,634;18,477;20,802
01/07/1987;37,112;23,634;28,127
01/08/1987;43,898;27,844;32,578
01/09/1987;56,9;37,112;44,102
01/10/1987;64,953;46,565;53,509
01/11/1987;189,673;65,991;95,198
01/12/1987;410,403;48,38;141,19
01/01/1988;278,006;50,223;95,524
01/02/1988;338,048;80,103;136,522
01/03/1988;671,882;37,934;170,574
01/04/1988;100,253;25,703;57,146
01/05/1988;438,438;13,863;97,028
01/06/1988;39,601;19,716;24,579
01/07/1988;31,57;24,315;27,889
01/08/1988;60,871;31,57;38,822
01/09/1988;86,999;40,446;47,845
01/10/1988;75,64;53,996;63,367
01/11/1988;623,066;75,64;151,517
01/12/1988;191,787;72,362;110,207
01/01/1989;168,996;80,103;114,204
01/02/1989;364,267;62,898;135,302
01/03/1989;330,318;42,157;92,823
01/04/1989;213,374;34,691;104,621
01/05/1989;177,166;22,96;67,848
01/06/1989;20,989;10,367;14,086
01/07/1989;16,101;11,131;14,029
01/08/1989;38,764;16,682;21,854
01/09/1989;27,844;17,87;21,133
01/10/1989;50,223;22,295;30,374
01/11/1989;145,318;33,115;54,712
01/12/1989;126,57;52,095;78,892
01/01/1990;222,235;49,298;100,844
01/02/1990;158,977;22,96;68,173
01/03/1990;317,575;9,623;82,441
01/04/1990;71,283;8,901;17,908
01/05/1990;29,311;9,623;15,547
01/06/1990;10,367;5,03;6,454
01/07/1990;14,964;5,617;7,888
01/08/1990;11,131;7,188;8,55
01/09/1990;18,477;10,367;13,832
01/10/1990;21,638;10,747;13,687
01/11/1990;50,223;16,101;25,308
01/12/1990;122,932;21,638;47,838
01/01/1991;105,267;11,131;31,933
01/02/1991;96,56;12,315;33,094
01/03/1991;59,868;11,521;23,559
01/04/1991;83,521;13,325;34,924
01/05/1991;110,382;12,72;63,383
01/06/1991;13,863;9,623;10,896
01/07/1991;13,325;9,993;11,616
01/08/1991;17,87;13,325;15,546
01/09/1991;17,272;15,528;16,606
01/10/1991;30,809;17,87;22,542
01/11/1991;145,318;36,298;68,043
01/12/1991;206,813;43,024;107,21
01/01/1992;275,595;37,112;124,652
01/02/1992;233,488;22,96;70,186
01/03/1992;100,253;13,325;42,961
01/04/1992;80,103;12,72;38,252
01/05/1992;42,157;9,259;18,198
01/06/1992;12,72;7,857;10,165
01/07/1992;12,72;10,367;11,683
01/08/1992;14,964;12,72;13,985
01/09/1992;17,272;14,964;16,259
01/10/1992;25,005;16,682;19,836
01/11/1992;46,565;20,989;34,14
01/12/1992;62,898;43,024;50,587
01/01/1993;90,535;46,565;60,049
01/02/1993;82,375;34,691;51,099
01/03/1993;233,488;34,691;82,326
01/04/1993;77,858;30,056;40,032
01/05/1993;143,403;11,521;32,434
01/06/1993;23,634;13,325;16,809
01/07/1993;37,112;19,093;24,179
01/08/1993;23,634;19,716;21,4
01/09/1993;30,056;23,634;26,503
01/10/1993;36,298;30,056;33,71
01/11/1993;52,095;32,339;39,462
01/12/1993;111,677;53,996;85,503
01/01/1994;220,008;57,882;96,439
01/02/1994;110,382;53,042;78,769
01/03/1994;231,222;38,764;79,939
01/04/1994;242,631;43,898;139,243
01/05/1994;90,535;17,272;31,119
01/06/1994;86,999;20,349;32,617
01/07/1994;30,809;22,295;26,843
01/08/1994;42,157;30,809;36,29
01/09/1994;57,882;41,298;47,396
01/10/1994;59,868;46,565;52,188
01/11/1994;99,016;61,881;78,517
01/12/1994;261,286;89,35;123,34
01/01/1995;179,229;86,999;121,868
01/02/1995;240,334;65,991;146,434
01/03/1995;273,192;41,298;113,177
01/04/1995;268,407;43,024;90,026
01/05/1995;136,05;28,573;48,779
01/06/1995;36,298;22,96;28,409
01/07/1995;29,311;22,295;24,83
01/08/1995;33,461;26,408;29,261
01/09/1995;79,33;34,14;52,196
01/10/1995;105,31;58,944;82,35
01/11/1995;133,802;56,371;87,68
01/12/1995;643,178;71,612;168,108
01/01/1996;568,981;70,671;148,434
01/02/1996;177,916;54,683;96,27
01/03/1996;177,916;44,266;84,699
01/04/1996;143,916;22,276;51,813
01/05/1996;75,427;30,156;41,761
01/06/1996;36,213;12,247;17,958
01/07/1996;29,513;22,845;26,558
01/08/1996;36,213;25,183;30,985
01/09/1996;43,505;37,625;40,166
01/10/1996;61,568;42;53,494
01/11/1996;200,897;56,371;119,625
01/12/1996;252,4;86,365;162,122
01/01/1997;347,055;58,081;159,456
01/02/1997;248,103;63,344;118,544
01/03/1997;200,897;48,955;91,235
01/04/1997;83,318;16,936;44,078
01/05/1997;58,081;17,952;31,41
01/06/1997;26,389;13,583;15,291
01/07/1997;30,156;15,46;19,161
01/08/1997;28,245;21,157;23,004
01/09/1997;28,245;22,845;25,147
01/10/1997;64,241;28,876;39,045
01/11/1997;342,153;68,807;162,334
01/12/1997;392,457;174,198;243,451
01/01/1998;292,429;60,688;174,379
01/02/1998;163,239;30,156;73,051
01/03/1998;39,786;13,131;18,234
01/04/1998;112,942;18,47;44,399
01/05/1998;35,516;18,47;23,178
01/06/1998;24,589;21,157;22,077
01/07/1998;28,245;25,183;26,85
01/08/1998;32,121;29,513;30,895
01/09/1998;34,14;32,121;32,882
01/10/1998;41,256;34,14;37,061
01/11/1998;60,688;42;48,892
01/12/1998;84,328;57,223;70,492
01/01/1999;299,335;91,55;144,227
01/02/1999;216,85;80,319;124,776
01/03/1999;1072,248;25,249;168,251
01/04/1999;69,256;14,944;27,493
01/05/1999;116,056;16,534;37,558
01/06/1999;25,873;15,998;20,736
01/07/1999;28,416;20,449;23,012
01/08/1999;31,154;23,41;26,382
01/09/1999;71,807;29,718;38,524
01/10/1999;154,332;31,912;44,304
01/11/1999;142,21;45,871;62,421
01/12/1999;434,725;75,705;147,187
01/01/2000;356,945;85,126;174,04
01/02/2000;337,279;35,806;149,189
01/03/2000;71,807;24,631;43,854
01/04/2000;96,443;39,05;63,988
01/05/2000;67,995;14,425;30,802
01/06/2000;21,03;14,944;17,618
01/07/2000;25,873;21,617;23,149
01/08/2000;33,448;26,501;29,491
01/09/2000;42,405;33,448;38,484
01/10/2000;116,056;43,261;57,446
01/11/2000;161,441;57,078;89,318
01/12/2000;389,875;77,023;175,32
01/01/2001;263,275;54,76;124,072
01/02/2001;337,279;85,126;180,411
01/03/2001;568,981;24,018;121,721
01/04/2001;142,21;23,41;49,696
01/05/2001;52,481;12,908;30,839
01/06/2001;16,534;10,974;13,221
01/07/2001;21,03;12,908;17,325
01/08/2001;33,448;20,449;24,728
01/09/2001;50,355;24,018;31,85
01/10/2001;51,271;29,718;37,617
01/11/2001;70,527;35,013;46,685
01/12/2001;283,325;49,444;90,09
01/01/2002;315,706;52,481;110,742
01/02/2002;237,493;25,873;91,622
01/03/2002;142,21;29,065;53,173
01/04/2002;106,819;23,41;48,151
01/05/2002;42,405;19,302;26,664
01/06/2002;25,873;15,998;20,808
01/07/2002;37,414;21,617;28,244
01/08/2002;35,013;25,873;29,959
01/09/2002;59,436;33,448;39,602
01/10/2002;75,705;40,714;49,235
01/11/2002;227,075;53,616;98,201
01/12/2002;551,019;38,228;197,612
01/01/2003;174,198;36,606;70,905
01/02/2003;462,041;29,065;154,891
01/03/2003;187,351;16,534;68,569
01/04/2003;43,261;22,807;31,74
01/05/2003;133,802;21,617;35,81
01/06/2003;69,256;22,807;29,325
01/07/2003;39,878;24,018;33,777
01/08/2003;70,527;37,414;46,559
01/09/2003;65,502;40,714;46,991
01/10/2003;189,263;44,124;73,012
01/11/2003;159,652;53,616;84,858
01/12/2003;220,917;60,63;115,448
01/01/2004;177,916;77,023;117,21
01/02/2004;721,081;22,807;133,714
01/03/2004;103,81;29,065;66,845
01/04/2004;82,388;17,076;36,278
01/05/2004;32,676;15,998;21,684
01/06/2004;65,502;22,807;29,462
01/07/2004;34,227;23,41;27,385
01/08/2004;54,76;29,065;37,036
01/09/2004;54,76;36,606;43,455
01/10/2004;128,86;48,541;68,753
01/11/2004;408,099;70,527;139,228
01/12/2004;330,023;74,396;133,528
01/01/2005;366,95;85,126;162,65
01/02/2005;269,891;43,261;120,41
01/03/2005;241,714;21,03;71,108
01/04/2005;112,942;12,415;32,719
01/05/2005;25,249;9,594;14,018
01/06/2005;77,023;10,974;18,103
01/07/2005;74,396;13,913;23,311
01/08/2005;24,631;18,178;21,263
01/09/2005;64,269;25,249;39,673
01/10/2005;132,146;19,873;46,055
01/11/2005;61,833;21,03;30,464
01/12/2005;214,829;25,873;63,958
01/01/2006;216,85;10,047;51,932
01/02/2006;127,229;16,534;34,731
01/03/2006;369,469;10,047;81,03
01/04/2006;252,4;10,974;41,366
01/05/2006;27,773;3,715;12,538
01/06/2006;4,389;3,392;3,699
01/07/2006;6,625;3,392;5,183
01/08/2006;8,708;6,231;7,276
01/09/2006;15,468;8,708;11,648
01/10/2006;15,998;10,974;13,023
01/11/2006;90,712;17,076;33,82
01/12/2006;176,053;23,41;52,449
01/01/2007;82,388;17,076;37,083
01/02/2007;239,6;22,209;66,828
01/03/2007;86,508;9,147;36,07
01/04/2007;44,124;7,852;15,274
01/05/2007;35,013;5,846;12,419
01/06/2007;7,435;5,846;6,683
01/07/2007;10,507;6,625;8,387
01/08/2007;14,944;10,507;12,568
01/09/2007;43,261;14,944;19,974
01/10/2007;73,097;19,873;33,763
01/11/2007;59,436;17,624;26,197
01/12/2007;97,899;24,018;38,625
01/01/2008;303,976;36,606;99,701
01/02/2008;102,319;14,944;38,283
01/03/2008;122,389;22,807;51,211
01/04/2008;105,31;12,908;38,027
01/05/2008;82,388;10,047;27,589
01/06/2008;20,449;11,447;13,986
01/07/2008;17,076;12,415;14,277
01/08/2008;24,018;15,998;18,225
01/09/2008;22,807;18,178;20,392
01/10/2008;31,912;23,41;27,309
01/11/2008;116,056;32,676;60,353
01/12/2008;325,222;22,209;82,902
01/01/2009;78,35;25,249;42,939
01/02/2009;57,078;13,407;30,938
01/03/2009;64,269;22,209;34,375
01/04/2009;170,512;24,018;55,407
01/04/2009;78,35;13,913;38,375
01/04/2009;23,41;15,998;18,977
01/05/2009;24,018;18,178;20,903
01/06/2009;32,676;24,018;28,209
01/07/2009;53,616;32,676;38,275
01/08/2009;54,76;36,606;43,612
01/09/2009;130,499;50,355;76,368
01/10/2009;556,98;97,899;223,647
01/11/2009;276,574;69,256;156,749
01/12/2009;227,075;27,135;73,422
01/01/2010;94,997;19,302;40,55
01/02/2010;231,219;12,415;39,989
01/03/2010;59,436;16,534;23,162
01/04/2010;23,41;18,178;20,507
01/05/2010;29,065;24,018;26,395
01/06/2010;38,228;29,065;33,056
01/07/2010;54,76;37,414;42,29
01/08/2010;100,837;47,644;57,029
01/09/2010;181,666;55,914;81,398
01/10/2010;400,247;100,837;183,397
01/11/2010;551,019;123,994;222,239
01/12/2010;364,438;82,388;214,201
01/01/2011;187,351;40,714;95,403
01/02/2011;562,967;17,076;106,917
01/03/2011;140,511;11,447;33,868
01/04/2011;14,425;10,974;12,443
01/05/2011;18,737;13,407;16,395
01/06/2011;24,018;19,302;21,503
01/07/2011;32,676;24,018;27,003
01/08/2011;44,994;29,065;35,156
01/09/2011;92,131;46,754;62,128
01/10/2011;245,966;74,396;124,179
01/11/2011;377,068;103,81;179,126
01/12/2011;448,297;28,416;105,277
01/01/2012;220,917;13,407;73,179
01/02/2012;60,63;14,425;25,167
01/03/2012;51,271;10,507;18,924
01/04/2012;15,468;11,447;14,034
01/05/2012;21,03;15,998;18,437
01/06/2012;25,873;21,617;23,694
01/07/2012;37,414;25,873;30,376
01/08/2012;220,917;32,676;57,854
01/09/2012;102,319;39,878;55,586
01/10/2012;542,128;54,76;122,27
01/11/2012;410,73;90,712;191,501
01/12/2012;222,962;24,934;95,682
01/01/2013;191,182;37,876;67,638
01/02/2013;163,239;13,391;63,676
01/03/2013;40,988;13,391;20,716
01/04/2013;24,934;14,491;17,261
01/05/2013;29,753;19,172;22,226
01/06/2013;33,364;23,611;26,67
01/07/2013;34,847;27,653;31,159
01/08/2013;43,375;35,596;39,441
01/09/2013;89,302;44,181;57,789
01/10/2013;138,822;73,097;93,748
01/11/2013;233,303;74,396;124,976
01/12/2013;239,6;54,226;95,77
01/01/2014;281,067;29,047;111,05
01/02/2014;58,61;17,366;26,8
01/03/2014;100,837;18,563;34,965
01/04/2014;56,843;22,958;31,862
01/05/2014;36,351;18,563;23,035
01/06/2014;34,103;24,934;28,686
01/07/2014;38,646;30,464;33,681
01/08/2014;53,363;39,422;44,637
01/09/2014;90,712;50,802;60,885
01/10/2014;272,111;79,687;143,965
01/11/2014;220,917;41,779;96,106
01/12/2014;145,632;44,992;89,555
01/01/2015;97,899;24,934;46,987
01/01/2015;74,396;15,052;29,81
01/02/2015;70,527;14,491;30,574
01/02/2015;21,036;13,391;16,055
01/03/2015;23,611;16,777;20,354
01/03/2015;73,097;22,311;33,167
01/04/2015;37,876;25,605;30,849
01/04/2015;44,181;34,103;39,262
01/05/2015;185,448;44,992;78,061
01/05/2015;533,296;71,807;174,331
01/06/2015;191,182;62,197;104,723
01/06/2015;278,817;60,395;128,244
01/07/2015;222,962;55,094;117,077
01/07/2015;518,709;25,605;87,592
01/08/2015;159,652;11,796;41,054
01/08/2015;16,195;11,796;14,073
01/09/2015;21,671;16,777;18,878
01/09/2015;29,753;21,671;25,419
01/10/2015;37,111;30,464;33,51
01/10/2015;78,35;37,876;45,942
01/11/2015;294,724;53,363;93,972
01/11/2015;456,523;43,375;121,882
01/12/2015;281,067;54,226;144,451
01/12/2015;116,056;13,938;37,382
01/01/2016;87,9;17,961;39,378
01/01/2016;79,687;19,172;43,13
01/02/2016;96,443;6,996;21,76
01/02/2016;11,796;8,348;10,392
01/03/2016;16,195;11,796;13,93
01/04/2016;21,036;16,195;18,773
01/05/2016;27,653;21,036;23,743
01/06/2016;35,596;25,605;30,197
01/07/2016;198,938;36,351;57,671
01/08/2016;181,666;49,118;91,497
01/09/2016;152,575;36,351;72,779
01/10/2016;90,712;28,347;45,31
01/12/2016;210,809;35,596;62,479
01/01/2017;189,263;34,847;75,843
01/02/2017;79,687;19,172;39,308
01/03/2017;24,27;16,777;18,703
01/04/2017;24,27;19,172;22,066
01/05/2017;31,181;24,934;27,68
01/06/2017;41,779;31,181;35,488
01/07/2017;55,094;35,596;40,729
01/08/2017;119,205;48,283;64,603
01/09/2017;252,4;75,705;119,649
01/10/2017;245,966;81,033;137,607
01/11/2017;337,279;78,35;192,188
01/12/2017;214,829;22,311;83,545
01/01/2018;78,35;15,62;30,696
01/02/2018;53,363;14,491;22,316
01/03/2018;58,61;19,172;24,646
01/04/2018;26,965;21,036;23,298
01/05/2018;32,631;26,965;29,841
01/06/2018;41,779;31,181;36,466
01/07/2018;127,229;39,422;52,248
01/08/2018;161,441;48,283;86,638
01/09/2018;578,05;67,995;150,982
01/10/2018;174,198;32,631;83,09
01/11/2018;90,712;29,753;55,076
01/12/2018;120,793;29,047;49,597
01/01/2019;145,632;22,311;59,435
01/02/2019;31,181;9,292;16,844
01/03/2019;29,047;15,052;20,929
01/04/2019;119,759;45,173;66,786
