1/4/2009,200.521,69.262,103.703
1/4/2009,158.2,68.064,100.212
1/1/2015,59.227,19.124,31.245
1/1/2015,59.227,19.124,31.245
1/2/2015,75.532,28.85,50.805
1/2/2015,75.532,28.85,50.805
1/3/2015,125.634,56.074,79.674
1/3/2015,125.634,56.074,79.674
1/4/2015,163.477,46.12,67.539
1/4/2015,163.477,46.12,67.539
1/5/2015,106.997,36.179,49.406
1/5/2015,106.997,36.179,49.406
1/6/2015,41.469,28.85,33.014
1/6/2015,41.469,28.85,33.014
1/7/2015,32.017,19.124,25.157
1/7/2015,32.017,19.124,25.157
1/8/2015,19.124,13.788,15.974
1/8/2015,19.124,13.788,15.974
1/9/2015,28.85,11.959,16.806
1/9/2015,28.85,11.959,16.806
1/10/2015,15.788,8.09,10.693
1/10/2015,15.788,8.09,10.693
1/11/2015,76.126,15.788,31.944
1/11/2015,76.126,15.788,31.944
1/12/2015,82.173,22.96,39.781
1/12/2015,82.173,22.96,39.781
1/1/2016,,,
1/1/2016,,,
1/2/2016,399.373,226.712,269.757
1/2/2016,399.373,226.712,269.757
1/3/2016,369.594,217.788,272.342
1/4/2016,79.729,33.655,44.331
1/5/2016,44.234,30.415,34.954
1/6/2016,58.167,27.322,36.354
1/7/2016,27.322,19.124,22.465
1/8/2016,22.96,15.018,17.478
1/9/2016,15.788,9.903,12.156
1/10/2016,24.376,8.787,17.535
1/12/2016,104.248,15.788,58.069
1/1/2017,297.558,38.784,82.534
1/2/2017,115.434,40.565,65.755
1/3/2017,147.971,46.12,69.86
1/4/2017,83.406,40.565,49.95
1/5/2017,69.141,34.907,46.184
1/6/2017,35.329,25.83,29.883
1/7/2017,26.945,15.788,19.621
1/8/2017,16.854,11.528,14.769
1/9/2017,11.959,8.09,10.133
1/10/2017,15.272,8.26,11.324
1/11/2017,63.549,12.179,34.572
1/12/2017,121.216,37.907,57.465
1/1/2018,817.089,74.941,334.532
1/2/2018,133.154,61.371,81.835
1/3/2018,102.885,41.924,60.722
1/4/2018,68.006,34.487,46.104
1/5/2018,39.226,27.322,30.981
1/6/2018,39.67,27.322,30.833
1/7/2018,19.124,13.315,16.492
1/8/2018,14.766,12.401,13.078
1/9/2018,20.637,9.521,13.403
1/10/2018,49.998,9.149,23.966
1/11/2018,261.286,30.415,91.492
1/12/2018,124.893,35.329,67.16
1/1/2019,102.885,32.831,53.137
1/2/2019,198.178,30.415,80.256
1/9/1941,29.047,15.052,20.929
1/10/1941,31.181,9.292,16.844
1/11/1941,145.632,22.311,59.435
1/12/1941,120.793,29.047,49.597
1/1/1942,90.712,29.753,55.076
1/2/1942,174.198,32.631,83.09
1/3/1942,578.05,67.995,150.982
1/4/1942,161.441,48.283,86.638
1/5/1942,127.229,39.422,52.248
1/6/1942,41.779,31.181,36.466
1/7/1942,32.631,26.965,29.841
1/8/1942,26.965,21.036,23.298
1/9/1942,58.61,19.172,24.646
1/10/1942,53.363,14.491,22.316
1/11/1942,78.35,15.62,30.696
1/12/1942,214.829,22.311,83.545
1/1/1943,337.279,78.35,192.188
1/2/1943,245.966,81.033,137.607
1/3/1943,252.4,75.705,119.649
1/4/1943,119.205,48.283,64.603
1/5/1943,55.094,35.596,40.729
1/6/1943,41.779,31.181,35.488
1/7/1943,31.181,24.934,27.68
1/8/1943,24.27,19.172,22.066
1/9/1943,24.27,16.777,18.703
1/10/1943,79.687,19.172,39.308
1/11/1943,189.263,34.847,75.843
1/12/1943,210.809,35.596,62.479
1/1/1944,90.712,28.347,45.31
1/2/1944,152.575,36.351,72.779
1/3/1944,181.666,49.118,91.497
1/4/1944,198.938,36.351,57.671
1/5/1944,35.596,25.605,30.197
1/6/1944,27.653,21.036,23.743
1/7/1944,21.036,16.195,18.773
1/8/1944,16.195,11.796,13.93
1/9/1944,11.796,8.348,10.392
1/10/1944,96.443,6.996,21.76
1/11/1944,79.687,19.172,43.13
1/12/1944,87.9,17.961,39.378
1/1/1945,116.056,13.938,37.382
1/2/1945,281.067,54.226,144.451
1/3/1945,456.523,43.375,121.882
1/4/1945,294.724,53.363,93.972
1/5/1945,78.35,37.876,45.942
1/6/1945,37.111,30.464,33.51
1/7/1945,29.753,21.671,25.419
1/8/1945,21.671,16.777,18.878
1/9/1945,16.195,11.796,14.073
1/10/1945,159.652,11.796,41.054
1/11/1945,518.709,25.605,87.592
1/12/1945,222.962,55.094,117.077
1/1/1946,278.817,60.395,128.244
1/2/1946,191.182,62.197,104.723
1/3/1946,533.296,71.807,174.331
1/4/1946,185.448,44.992,78.061
1/5/1946,44.181,34.103,39.262
1/6/1946,37.876,25.605,30.849
1/7/1946,73.097,22.311,33.167
1/8/1946,23.611,16.777,20.354
1/9/1946,21.036,13.391,16.055
1/10/1946,70.527,14.491,30.574
1/11/1946,74.396,15.052,29.81
1/12/1946,97.899,24.934,46.987
1/1/1947,145.632,44.992,89.555
1/2/1947,220.917,41.779,96.106
1/3/1947,272.111,79.687,143.965
1/4/1947,90.712,50.802,60.885
1/5/1947,53.363,39.422,44.637
1/6/1947,38.646,30.464,33.681
1/7/1947,34.103,24.934,28.686
1/8/1947,36.351,18.563,23.035
1/9/1947,56.843,22.958,31.862
1/10/1947,100.837,18.563,34.965
1/11/1947,58.61,17.366,26.8
1/12/1947,281.067,29.047,111.05
1/1/1948,239.6,54.226,95.77
1/2/1948,233.303,74.396,124.976
1/3/1948,138.822,73.097,93.748
1/4/1948,89.302,44.181,57.789
1/5/1948,43.375,35.596,39.441
1/6/1948,34.847,27.653,31.159
1/7/1948,33.364,23.611,26.67
1/8/1948,29.753,19.172,22.226
1/9/1948,24.934,14.491,17.261
1/10/1948,40.988,13.391,20.716
1/11/1948,163.239,13.391,63.676
1/12/1948,191.182,37.876,67.638
1/1/1949,222.962,24.934,95.682
1/2/1949,410.73,90.712,191.501
1/3/1949,542.128,54.76,122.27
1/4/1949,102.319,39.878,55.586
1/5/1949,220.917,32.676,57.854
1/6/1949,37.414,25.873,30.376
1/7/1949,25.873,21.617,23.694
1/8/1949,21.03,15.998,18.437
1/9/1949,15.468,11.447,14.034
1/10/1949,51.271,10.507,18.924
1/11/1949,60.63,14.425,25.167
1/12/1949,220.917,13.407,73.179
1/1/1950,448.297,28.416,105.277
1/2/1950,377.068,103.81,179.126
1/3/1950,245.966,74.396,124.179
1/4/1950,92.131,46.754,62.128
1/5/1950,44.994,29.065,35.156
1/6/1950,32.676,24.018,27.003
1/7/1950,24.018,19.302,21.503
1/8/1950,18.737,13.407,16.395
1/9/1950,14.425,10.974,12.443
1/10/1950,140.511,11.447,33.868
1/11/1950,562.967,17.076,106.917
1/12/1950,187.351,40.714,95.403
1/1/1951,364.438,82.388,214.201
1/2/1951,551.019,123.994,222.239
1/3/1951,400.247,100.837,183.397
1/4/1951,181.666,55.914,81.398
1/5/1951,100.837,47.644,57.029
1/6/1951,54.76,37.414,42.29
1/7/1951,38.228,29.065,33.056
1/8/1951,29.065,24.018,26.395
1/9/1951,23.41,18.178,20.507
1/10/1951,59.436,16.534,23.162
1/11/1951,231.219,12.415,39.989
1/12/1951,94.997,19.302,40.55
1/1/1952,227.075,27.135,73.422
1/2/1952,276.574,69.256,156.749
1/3/1952,556.98,97.899,223.647
1/4/1952,130.499,50.355,76.368
1/5/1952,54.76,36.606,43.612
1/6/1952,53.616,32.676,38.275
1/7/1952,32.676,24.018,28.209
1/8/1952,24.018,18.178,20.903
1/9/1952,23.41,15.998,18.977
1/10/1952,78.35,13.913,38.375
1/11/1952,170.512,24.018,55.407
1/12/1952,64.269,22.209,34.375
1/1/1953,57.078,13.407,30.938
1/2/1953,78.35,25.249,42.939
1/3/1953,325.222,22.209,82.902
1/4/1953,116.056,32.676,60.353
1/5/1953,31.912,23.41,27.309
1/6/1953,22.807,18.178,20.392
1/7/1953,24.018,15.998,18.225
1/8/1953,17.076,12.415,14.277
1/9/1953,20.449,11.447,13.986
1/10/1953,82.388,10.047,27.589
1/11/1953,105.31,12.908,38.027
1/12/1953,122.389,22.807,51.211
1/1/1954,102.319,14.944,38.283
1/2/1954,303.976,36.606,99.701
1/3/1954,97.899,24.018,38.625
1/4/1954,59.436,17.624,26.197
1/5/1954,73.097,19.873,33.763
1/6/1954,43.261,14.944,19.974
1/7/1954,14.944,10.507,12.568
1/8/1954,10.507,6.625,8.387
1/9/1954,7.435,5.846,6.683
1/10/1954,35.013,5.846,12.419
1/11/1954,44.124,7.852,15.274
1/12/1954,86.508,9.147,36.07
1/1/1955,239.6,22.209,66.828
1/2/1955,82.388,17.076,37.083
1/3/1955,176.053,23.41,52.449
1/4/1955,90.712,17.076,33.82
1/5/1955,15.998,10.974,13.023
1/6/1955,15.468,8.708,11.648
1/7/1955,8.708,6.231,7.276
1/8/1955,6.625,3.392,5.183
1/9/1955,4.389,3.392,3.699
1/10/1955,27.773,3.715,12.538
1/11/1955,252.4,10.974,41.366
1/12/1955,369.469,10.047,81.03
1/1/1956,127.229,16.534,34.731
1/2/1956,216.85,10.047,51.932
1/3/1956,214.829,25.873,63.958
1/4/1956,61.833,21.03,30.464
1/5/1956,132.146,19.873,46.055
1/6/1956,64.269,25.249,39.673
1/7/1956,24.631,18.178,21.263
1/8/1956,74.396,13.913,23.311
1/9/1956,77.023,10.974,18.103
1/10/1956,25.249,9.594,14.018
1/11/1956,112.942,12.415,32.719
1/12/1956,241.714,21.03,71.108
1/1/1957,269.891,43.261,120.41
1/2/1957,366.95,85.126,162.65
1/3/1957,330.023,74.396,133.528
1/4/1957,408.099,70.527,139.228
1/5/1957,128.86,48.541,68.753
1/6/1957,54.76,36.606,43.455
1/7/1957,54.76,29.065,37.036
1/8/1957,34.227,23.41,27.385
1/9/1957,65.502,22.807,29.462
1/10/1957,32.676,15.998,21.684
1/11/1957,82.388,17.076,36.278
1/12/1957,103.81,29.065,66.845
1/1/1958,721.081,22.807,133.714
1/2/1958,177.916,77.023,117.21
1/3/1958,220.917,60.63,115.448
1/4/1958,159.652,53.616,84.858
1/5/1958,189.263,44.124,73.012
1/6/1958,65.502,40.714,46.991
1/7/1958,70.527,37.414,46.559
1/8/1958,39.878,24.018,33.777
1/9/1958,69.256,22.807,29.325
1/10/1958,133.802,21.617,35.81
1/11/1958,43.261,22.807,31.74
1/12/1958,187.351,16.534,68.569
1/1/1959,462.041,29.065,154.891
1/2/1959,174.198,36.606,70.905
1/3/1959,551.019,38.228,197.612
1/4/1959,227.075,53.616,98.201
1/5/1959,75.705,40.714,49.235
1/6/1959,59.436,33.448,39.602
1/7/1959,35.013,25.873,29.959
1/8/1959,37.414,21.617,28.244
1/9/1959,25.873,15.998,20.808
1/10/1959,42.405,19.302,26.664
1/11/1959,106.819,23.41,48.151
1/12/1959,142.21,29.065,53.173
1/1/1960,237.493,25.873,91.622
1/2/1960,315.706,52.481,110.742
1/3/1960,283.325,49.444,90.09
1/4/1960,70.527,35.013,46.685
1/5/1960,51.271,29.718,37.617
1/6/1960,50.355,24.018,31.85
1/7/1960,33.448,20.449,24.728
1/8/1960,21.03,12.908,17.325
1/9/1960,16.534,10.974,13.221
1/10/1960,52.481,12.908,30.839
1/11/1960,142.21,23.41,49.696
1/12/1960,568.981,24.018,121.721
1/1/1961,337.279,85.126,180.411
1/2/1961,263.275,54.76,124.072
1/3/1961,389.875,77.023,175.32
1/4/1961,161.441,57.078,89.318
1/5/1961,116.056,43.261,57.446
1/6/1961,42.405,33.448,38.484
1/7/1961,33.448,26.501,29.491
1/8/1961,25.873,21.617,23.149
1/9/1961,21.03,14.944,17.618
1/10/1961,67.995,14.425,30.802
1/11/1961,96.443,39.05,63.988
1/12/1961,71.807,24.631,43.854
1/1/1962,337.279,35.806,149.189
1/2/1962,356.945,85.126,174.04
1/3/1962,434.725,75.705,147.187
1/4/1962,142.21,45.871,62.421
1/5/1962,154.332,31.912,44.304
1/6/1962,71.807,29.718,38.524
1/7/1962,31.154,23.41,26.382
1/8/1962,28.416,20.449,23.012
1/9/1962,25.873,15.998,20.736
1/10/1962,116.056,16.534,37.558
1/11/1962,69.256,14.944,27.493
1/12/1962,1072.248,25.249,168.251
1/1/1963,216.85,80.319,124.776
1/2/1963,299.335,91.55,144.227
1/3/1963,84.328,57.223,70.492
1/4/1963,60.688,42,48.892
1/5/1963,41.256,34.14,37.061
1/6/1963,34.14,32.121,32.882
1/7/1963,32.121,29.513,30.895
1/8/1963,28.245,25.183,26.85
1/9/1963,24.589,21.157,22.077
1/10/1963,35.516,18.47,23.178
1/11/1963,112.942,18.47,44.399
1/12/1963,39.786,13.131,18.234
1/1/1964,163.239,30.156,73.051
1/2/1964,292.429,60.688,174.379
1/3/1964,392.457,174.198,243.451
1/4/1964,342.153,68.807,162.334
1/5/1964,64.241,28.876,39.045
1/6/1964,28.245,22.845,25.147
1/7/1964,28.245,21.157,23.004
1/8/1964,30.156,15.46,19.161
1/9/1964,26.389,13.583,15.291
1/10/1964,58.081,17.952,31.41
1/11/1964,83.318,16.936,44.078
1/12/1964,200.897,48.955,91.235
1/1/1965,248.103,63.344,118.544
1/2/1965,347.055,58.081,159.456
1/3/1965,252.4,86.365,162.122
1/4/1965,200.897,56.371,119.625
1/5/1965,61.568,42,53.494
1/6/1965,43.505,37.625,40.166
1/7/1965,36.213,25.183,30.985
1/8/1965,29.513,22.845,26.558
1/9/1965,36.213,12.247,17.958
1/10/1965,75.427,30.156,41.761
1/11/1965,143.916,22.276,51.813
1/12/1965,177.916,44.266,84.699
1/1/1966,177.916,54.683,96.27
1/2/1966,568.981,70.671,148.434
1/3/1966,643.178,71.612,168.108
1/4/1966,133.802,56.371,87.68
1/5/1966,105.31,58.944,82.35
1/6/1966,79.33,34.14,52.196
1/7/1966,33.461,26.408,29.261
1/8/1966,29.311,22.295,24.83
1/9/1966,36.298,22.96,28.409
1/10/1966,136.05,28.573,48.779
1/11/1966,268.407,43.024,90.026
1/12/1966,273.192,41.298,113.177
1/1/1967,240.334,65.991,146.434
1/2/1967,179.229,86.999,121.868
1/3/1967,261.286,89.35,123.34
1/4/1967,99.016,61.881,78.517
1/5/1967,59.868,46.565,52.188
1/6/1967,57.882,41.298,47.396
1/7/1967,42.157,30.809,36.29
1/8/1967,30.809,22.295,26.843
1/9/1967,86.999,20.349,32.617
1/10/1967,90.535,17.272,31.119
1/11/1967,242.631,43.898,139.243
1/12/1967,231.222,38.764,79.939
1/1/1968,110.382,53.042,78.769
1/2/1968,220.008,57.882,96.439
1/3/1968,111.677,53.996,85.503
1/4/1968,52.095,32.339,39.462
1/5/1968,36.298,30.056,33.71
1/6/1968,30.056,23.634,26.503
1/7/1968,23.634,19.716,21.4
1/8/1968,37.112,19.093,24.179
1/9/1968,23.634,13.325,16.809
1/10/1968,143.403,11.521,32.434
1/11/1968,77.858,30.056,40.032
1/12/1968,233.488,34.691,82.326
1/1/1969,82.375,34.691,51.099
1/2/1969,90.535,46.565,60.049
1/3/1969,62.898,43.024,50.587
1/4/1969,46.565,20.989,34.14
1/5/1969,25.005,16.682,19.836
1/6/1969,17.272,14.964,16.259
1/7/1969,14.964,12.72,13.985
1/8/1969,12.72,10.367,11.683
1/9/1969,12.72,7.857,10.165
1/10/1969,42.157,9.259,18.198
1/11/1969,80.103,12.72,38.252
1/12/1969,100.253,13.325,42.961
1/1/1970,233.488,22.96,70.186
1/2/1970,275.595,37.112,124.652
1/3/1970,206.813,43.024,107.21
1/4/1970,145.318,36.298,68.043
1/5/1970,30.809,17.87,22.542
1/6/1970,17.272,15.528,16.606
1/7/1970,17.87,13.325,15.546
1/8/1970,13.325,9.993,11.616
1/9/1970,13.863,9.623,10.896
1/10/1970,110.382,12.72,63.383
1/11/1970,83.521,13.325,34.924
1/12/1970,59.868,11.521,23.559
1/1/1971,96.56,12.315,33.094
1/2/1971,105.267,11.131,31.933
1/3/1971,122.932,21.638,47.838
1/4/1971,50.223,16.101,25.308
1/5/1971,21.638,10.747,13.687
1/6/1971,18.477,10.367,13.832
1/7/1971,11.131,7.188,8.55
1/8/1971,14.964,5.617,7.888
1/9/1971,10.367,5.03,6.454
1/10/1971,29.311,9.623,15.547
1/11/1971,71.283,8.901,17.908
1/12/1971,317.575,9.623,82.441
1/1/1972,158.977,22.96,68.173
1/2/1972,222.235,49.298,100.844
1/3/1972,126.57,52.095,78.892
1/4/1972,145.318,33.115,54.712
1/5/1972,50.223,22.295,30.374
1/6/1972,27.844,17.87,21.133
1/7/1972,38.764,16.682,21.854
1/8/1972,16.101,11.131,14.029
1/9/1972,20.989,10.367,14.086
1/10/1972,177.166,22.96,67.848
1/11/1972,213.374,34.691,104.621
1/12/1972,330.318,42.157,92.823
1/1/1973,364.267,62.898,135.302
1/2/1973,168.996,80.103,114.204
1/3/1973,191.787,72.362,110.207
1/4/1973,623.066,75.64,151.517
1/5/1973,75.64,53.996,63.367
1/6/1973,86.999,40.446,47.845
1/7/1973,60.871,31.57,38.822
1/8/1973,31.57,24.315,27.889
1/9/1973,39.601,19.716,24.579
1/10/1973,438.438,13.863,97.028
1/11/1973,100.253,25.703,57.146
1/12/1973,671.882,37.934,170.574
1/1/1974,338.048,80.103,136.522
1/2/1974,278.006,50.223,95.524
1/3/1974,410.403,48.38,141.19
1/4/1974,189.673,65.991,95.198
1/5/1974,64.953,46.565,53.509
1/6/1974,56.9,37.112,44.102
1/7/1974,43.898,27.844,32.578
1/8/1974,37.112,23.634,28.127
1/9/1974,23.634,18.477,20.802
1/10/1974,160.964,17.87,38.259
1/11/1974,63.922,19.093,29.781
1/12/1974,315.048,26.408,94.244
1/1/1975,193.909,47.469,82.396
1/2/1975,183.382,45.669,78.58
1/3/1975,69.146,37.112,51.634
1/4/1975,603.907,43.898,98.908
1/5/1975,53.042,30.056,39.368
1/6/1975,30.056,25.005,27.478
1/7/1975,32.339,21.638,26.061
1/8/1975,21.638,14.964,18.301
1/9/1975,22.295,11.131,13.78
1/10/1975,40.446,13.325,19.446
1/11/1975,155.031,17.272,49.223
1/12/1975,139.598,29.311,60.286
1/1/1976,263.652,38.764,82.44
1/2/1976,508.342,55.925,161.936
1/3/1976,292.626,69.146,129.731
1/4/1976,222.235,47.469,83.971
1/5/1976,80.103,45.669,52.275
1/6/1976,56.9,31.57,39.861
1/7/1976,40.446,22.96,29.957
1/8/1976,41.298,21.638,25.418
1/9/1976,106.536,19.716,42.931
1/10/1976,100.253,24.315,50.425
1/11/1976,233.488,33.899,79.299
1/12/1976,242.631,49.298,106.388
1/1/1977,438.438,55.925,145.718
1/2/1977,256.577,56.9,86.854
1/3/1977,121.126,47.469,68.576
1/4/1977,275.595,54.957,87.166
1/5/1977,58.871,37.934,45.769
1/6/1977,63.922,33.899,43.874
1/7/1977,33.899,22.96,27.814
1/8/1977,22.96,18.477,21.413
1/9/1977,51.155,19.093,26.207
1/10/1977,100.253,16.101,30.154
1/11/1977,177.166,22.295,56.819
1/12/1977,275.595,49.298,112.651
1/1/1978,404.875,65.991,147.431
1/2/1978,292.626,55.925,87.2
1/3/1978,158.977,46.565,69.581
1/4/1978,86.999,42.157,52.517
1/5/1978,86.999,30.056,46.082
1/6/1978,75.64,31.57,44.797
1/7/1978,37.934,26.408,31.062
1/8/1978,26.408,22.295,23.14
1/9/1978,37.112,17.87,24.074
1/10/1978,78.977,14.964,30.861
1/11/1978,149.176,27.844,58.655
1/12/1978,145.318,43.024,76.693
1/1/1979,139.598,69.146,89.547
1/2/1979,233.488,70.211,110.421
1/3/1979,193.909,46.565,69.138
1/4/1979,107.812,33.899,47.846
1/5/1979,53.042,29.311,35.381
1/6/1979,39.601,24.315,29.244
1/7/1979,36.298,22.96,26.791
1/8/1979,25.005,19.093,20.842
1/9/1979,74.54,18.477,27.354
1/10/1979,84.674,16.101,26.243
1/11/1979,151.119,17.272,49.653
1/12/1979,361.614,32.339,118.269
1/1/1980,353.697,73.448,146.922
1/2/1980,773.345,94.131,216.73
1/3/1980,206.813,53.996,95.348
1/4/1980,200.324,57.882,103.098
1/5/1980,60.871,45.669,53.512
1/6/1980,78.977,37.934,43.979
1/7/1980,46.565,30.056,35.799
1/8/1980,30.056,26.408,27.856
1/9/1980,36.298,22.96,26.447
1/10/1980,59.868,20.349,28.148
1/11/1980,124.746,29.311,57.688
1/12/1980,353.697,55.925,122.802
1/1/1981,185.471,62.898,111.896
1/2/1981,222.235,51.155,100.627
1/3/1981,396.633,49.298,95.674
1/4/1981,74.54,41.298,53.262
1/5/1981,58.871,30.056,38.133
1/6/1981,45.669,30.056,34.199
1/7/1981,28.573,22.96,25.469
1/8/1981,26.408,22.96,23.882
1/9/1981,21.638,15.528,18.114
1/10/1981,185.471,15.528,45.19
1/11/1981,139.598,30.056,53.446
1/12/1981,173.064,45.669,84.312
1/1/1982,623.066,85.833,190.822
1/2/1982,467.121,82.375,169.287
1/3/1982,514.331,147.243,234.981
1/4/1982,215.577,74.54,105.65
1/5/1982,106.536,61.881,71.854
1/6/1982,73.448,53.996,61.224
1/7/1982,61.881,43.024,50.178
1/8/1982,69.146,34.691,45.491
1/9/1982,60.871,30.056,36.667
1/10/1982,84.674,43.024,60.555
1/11/1982,100.253,36.298,70.099
1/12/1982,335.464,37.934,139.451
1/1/1983,652.2,133.96,331.937
1/2/1983,759.527,130.247,325.714
1/3/1983,353.697,114.285,189.072
1/4/1983,404.875,99.016,162.341
1/5/1983,171.026,77.858,93.154
1/6/1983,191.787,65.991,85.896
1/7/1983,114.285,53.996,64.366
1/8/1983,55.925,42.157,49.099
1/9/1983,151.119,39.601,68.24
1/10/1983,187.568,47.469,68.116
1/11/1983,106.536,65.991,80.599
1/12/1983,312.528,114.285,169.895
1/1/1984,240.334,69.146,133.207
1/2/1984,282.85,71.283,102.403
1/3/1984,204.642,65.991,91.112
1/4/1984,251.898,55.925,102.631
1/5/1984,175.111,53.042,81.746
1/6/1984,52.095,40.446,46.724
1/7/1984,39.601,33.115,35.85
1/8/1984,48.38,30.056,36.167
1/9/1984,48.38,31.57,38.458
1/10/1984,62.898,26.408,38.063
1/11/1984,166.975,20.349,43.842
1/12/1984,109.094,52.095,76.559
1/1/1985,566.226,54.957,194.658
1/2/1985,310.015,71.283,131.333
1/3/1985,458.448,112.978,241.388
1/4/1985,268.407,76.745,117.485
1/5/1985,76.745,57.882,66.402
1/6/1985,60.871,46.565,53.39
1/7/1985,49.298,41.298,44.69
1/8/1985,40.446,35.491,38.985
1/9/1985,43.024,28.573,32.851
1/10/1985,49.298,23.634,31.431
1/11/1985,95.342,25.005,44.604
1/12/1985,107.812,27.122,56.86
1/1/1986,175.111,54.957,80.862
1/2/1986,224.47,44.78,83.925
1/3/1986,217.788,42.157,108.555
1/4/1986,96.56,44.78,59.856
1/5/1986,164.963,33.899,67.12
1/6/1986,61.881,31.57,37.857
1/7/1986,45.669,27.844,31.994
1/8/1986,58.871,26.408,34.523
1/9/1986,75.64,17.87,26.832
1/10/1986,53.996,16.682,29.296
1/11/1986,54.957,14.964,24.508
1/12/1986,292.626,28.573,83.533
1/1/1987,572.447,57.882,133.113
1/2/1987,391.171,88.171,195.474
1/3/1987,658.737,82.375,211.859
1/4/1987,217.788,63.922,89.216
1/5/1987,92.926,53.042,63.658
1/6/1987,67.036,43.024,48.512
1/7/1987,44.78,33.115,38.019
1/8/1987,35.491,26.408,30.49
1/9/1987,47.469,24.315,30.39
1/10/1987,132.098,22.96,43.247
1/11/1987,220.008,26.408,84.725
1/12/1987,520.345,75.64,157.197
1/1/1988,177.166,65.991,107.662
1/2/1988,432.779,65.991,210.551
1/3/1988,455.57,145.318,285.712
1/4/1988,217.788,130.247,164.818
1/5/1988,99.016,54.957,66.525
1/6/1988,71.283,46.565,54.671
1/7/1988,46.565,32.339,39.086
1/8/1988,32.339,28.573,29.653
1/9/1988,27.844,17.87,22.73
1/10/1988,402.121,17.87,55.158
1/11/1988,151.119,35.491,70.022
1/12/1988,222.235,37.934,77.768
1/1/1989,523.361,73.448,156.63
1/2/1989,905.263,82.375,273.226
1/3/1989,247.249,100.253,154.11
1/4/1989,155.031,65.991,99.17
1/5/1989,78.977,46.565,57.426
1/6/1989,69.146,41.298,51.222
1/7/1989,94.131,30.056,40.652
1/8/1989,77.858,30.056,45.538
1/9/1989,45.669,30.056,35.372
1/10/1989,61.881,21.638,28.535
1/11/1989,57.882,25.703,37.159
1/12/1989,688.441,35.491,251.236
1/1/1990,526.383,65.991,198.324
1/2/1990,204.642,61.881,88.175
1/3/1990,211.179,74.54,119.327
1/4/1990,151.119,46.565,71.925
1/5/1990,147.243,27.122,61.126
1/6/1990,48.38,26.408,31.646
1/7/1990,47.469,22.96,29.29
1/8/1990,139.598,27.122,33.991
1/9/1990,80.103,23.634,31.424
1/10/1990,88.171,22.96,35.54
1/11/1990,53.042,25.005,33.402
1/12/1990,54.957,22.295,37.756
1/1/1991,446.975,26.408,169.198
1/2/1991,254.234,117.627,163.438
1/3/1991,448.297,93.56,195.391
1/4/1991,402.857,145.632,243.794
1/5/1991,225.015,81.033,120.544
1/6/1991,81.033,59.436,70.128
1/7/1991,59.436,49.139,53.687
1/8/1991,48.044,37.67,43.079
1/9/1991,41.695,33.814,36.448
1/10/1991,87.9,31.951,47.001
1/11/1991,78.35,26.73,35.404
1/12/1991,156.097,27.911,54.572
1/1/1992,382.17,38.66,116.089
1/2/1992,306.307,75.705,147.356
1/3/1992,369.469,74.396,120.437
1/4/1992,208.811,77.023,103.816
1/5/1992,109.863,52.481,68.293
1/6/1992,52.481,40.673,45.76
1/7/1992,40.673,33.814,37.341
1/8/1992,33.814,27.318,30.701
1/9/1992,86.508,27.318,38.121
1/10/1992,119.205,32.877,72.917
1/11/1992,179.787,48.044,94.061
1/12/1992,143.916,57.078,82.494
1/1/1993,159.652,44.823,66.929
1/2/1993,349.517,64.269,194.346
1/3/1993,272.111,86.508,121.642
1/4/1993,274.339,66.744,123.98
1/5/1993,65.502,50.243,57.864
1/6/1993,132.146,48.044,64.409
1/7/1993,48.044,37.67,42.27
1/8/1993,41.695,32.877,36.82
1/9/1993,81.033,28.509,41.202
1/10/1993,87.9,28.509,45.234
1/11/1993,85.126,25.001,43.066
1/12/1993,237.493,27.911,77.999
1/1/1994,498.569,127.229,255.011
1/2/1994,252.4,89.302,127.267
1/3/1994,303.976,93.56,147.138
1/4/1994,154.332,63.046,85.886
1/5/1994,69.256,48.044,55.117
1/6/1994,48.044,39.661,43.581
1/7/1994,54.76,37.67,41.402
1/8/1994,38.66,28.509,33.257
1/9/1994,28.509,21.692,24.791
1/10/1994,59.436,19.599,27.696
1/11/1994,176.053,20.634,52.375
1/12/1994,448.297,32.877,104.46
1/1/1995,278.817,66.744,128.348
1/2/1995,754.615,132.146,360.454
1/3/1995,152.575,87.9,115.099
1/4/1995,548.049,67.995,104.771
1/5/1995,168.682,57.078,76.392
1/6/1995,55.914,48.044,51.196
1/7/1995,48.044,34.762,41.097
1/8/1995,34.762,25.572,29.971
1/9/1995,27.318,22.229,24.487
1/10/1995,49.139,21.692,29.543
1/11/1995,54.76,21.16,28.038
1/12/1995,92.131,25.572,48.539
1/1/1996,183.553,41.695,89.013
1/2/1996,222.962,46.96,79.065
1/3/1996,132.146,58.252,81.537
1/4/1996,77.023,39.767,51.666
1/5/1996,58.276,35.928,40.362
1/6/1996,38.988,28.687,32.249
1/7/1996,38.988,24.633,29.151
1/8/1996,27.31,19.587,23.49
1/9/1996,42.138,19.587,28.48
1/10/1996,25.293,17.806,20.705
1/11/1996,109.863,18.393,39.315
1/12/1996,149.087,33.694,54.695
1/1/1997,325.222,52.976,140.835
1/2/1997,117.627,60.63,83.408
1/3/1997,152.575,48.701,81.885
1/4/1997,105.31,42.939,53.158
1/5/1997,52.11,35.178,39.536
1/6/1997,117.627,36.685,54.21
1/7/1997,38.988,29.384,33.88
1/8/1997,29.384,22.692,26.47
1/9/1997,41.342,19.587,23.6
1/10/1997,108.336,18.393,35.024
1/11/1997,129.212,19.587,52.424
1/12/1997,176.665,39.412,74.375
1/1/1998,121.707,40.31,72.118
1/2/1998,217.788,70.206,119.015
1/3/1998,1059.808,61.224,161.043
1/4/1998,178.42,49.782,74.055
1/5/1998,84.703,42.132,55.008
1/6/1998,65.646,35.06,41.758
1/7/1998,34.217,25.558,30.298
1/8/1998,61.224,22.692,30.722
1/9/1998,22.692,17.156,19.013
1/10/1998,120.23,18.845,37.231
1/11/1998,130.737,22,52.068
1/12/1998,168.012,45.886,91.363
1/1/1999,193.909,66.773,109.442
1/2/1999,496.44,52.797,115.9
1/3/1999,407.636,89.805,157.947
1/4/1999,88.517,52.797,70.2
1/5/1999,63.417,42.132,48.344
1/6/1999,43.057,35.912,39.611
1/7/1999,37.644,27.048,31.779
1/8/1999,27.048,20.027,23.86
1/9/1999,73.716,18.845,29.065
1/10/1999,30.141,15.568,19.198
1/11/1999,44.934,14.563,21.274
1/12/1999,96.37,14.076,36.802
1/1/2000,340.638,47.816,200.144
1/2/2000,435.605,101.771,243.328
1/3/2000,263.652,88.517,148.731
1/4/2000,130.737,56.94,78.942
1/5/2000,55.891,42.132,46.729
1/6/2000,42.132,34.217,38.195
1/7/2000,36.774,31.744,33.213
1/8/2000,31.744,24.106,27.839
1/9/2000,82.202,24.828,37.559
1/10/2000,30.141,14.563,20.129
1/11/2000,78.514,17.156,38.417
1/12/2000,242.631,38.523,82.664
1/1/2001,123.192,40.31,63.492
1/2/2001,76.098,39.412,50.863
1/3/2001,89.805,39.412,54.228
1/4/2001,152.928,27.807,50.067
1/5/2001,61.224,23.395,31.524
1/6/2001,34.217,21.317,25.54
1/7/2001,21.317,16.086,18.362
1/8/2001,17.156,12.68,14.184
1/9/2001,20.644,10.96,13.974
1/10/2001,48.794,12.234,22.582
1/11/2001,88.517,13.135,29.411
1/12/2001,380.328,22.692,53.89
1/1/2002,320.109,41.217,92.728
1/2/2002,322.651,56.94,143.022
1/3/2002,120.23,53.82,74.304
1/4/2002,59.065,31.744,42.596
1/5/2002,40.31,28.576,32.208
1/6/2002,28.576,22.692,25.076
1/7/2002,22.692,19.43,21.441
1/8/2002,20.644,14.076,16.436
1/9/2002,23.395,14.563,17.827
1/10/2002,55.891,9.397,13.655
1/11/2002,52.797,13.135,25.882
1/12/2002,126.186,17.156,59.412
1/1/2003,407.636,52.797,126.321
1/2/2003,251.898,78.514,146.787
1/3/2003,302.519,71.367,139.408
1/4/2003,161.229,67.909,100.368
1/5/2003,65.646,50.778,58.066
1/6/2003,52.797,38.523,44.329
1/7/2003,41.217,30.938,35.835
1/8/2003,30.938,26.299,28.363
1/9/2003,27.807,19.43,23.308
1/10/2003,30.938,17.708,22.024
1/11/2003,91.101,22,42.681
1/12/2003,112.967,33.383,55.977
1/1/2004,168.012,38.523,98.296
1/2/2004,458.448,82.202,143.297
1/3/2004,196.039,70.206,107.054
1/4/2004,171.45,61.224,89.816
1/5/2004,84.703,53.82,62.748
1/6/2004,56.94,40.31,47.684
1/7/2004,54.851,34.217,40.181
1/8/2004,34.217,23.395,28.509
1/9/2004,23.395,16.086,19.66
1/10/2004,56.94,16.086,27.256
1/11/2004,78.514,18.271,32.093
1/12/2004,715.23,37.644,153.889
1/1/2005,688.441,79.735,219.419
1/2/2005,295.089,74.902,125.912
1/3/2005,517.335,74.902,135.955
1/4/2005,99.054,59.065,70.094
1/5/2005,173.181,46.846,69.897
1/6/2005,73.716,46.846,54.539
1/7/2005,48.794,37.644,41.72
1/8/2005,35.912,27.807,31.218
1/9/2005,44.934,27.807,31.893
1/10/2005,74.902,22,35.261
1/11/2005,123.192,27.807,50.206
1/12/2005,173.181,71.367,112.089
1/1/2006,249.57,48.794,103.194
1/2/2006,247.249,82.202,135.879
1/3/2006,372.267,118.761,191.474
1/4/2006,572.447,76.098,223.913
1/5/2006,80.965,61.224,68.224
1/6/2006,59.065,45.886,50.783
1/7/2006,45.886,35.912,40.835
1/8/2006,43.057,30.141,33.745
1/9/2006,61.224,26.299,37.206
1/10/2006,78.514,30.938,50.396
1/11/2006,429.959,30.141,78.558
1/12/2006,141.638,73.716,109.647
1/1/2007,563.125,99.054,225.021
1/2/2007,233.488,107.303,157.954
1/3/2007,287.723,71.367,102.404
1/4/2007,87.237,59.065,68.366
1/5/2007,60.14,43.057,50.84
1/6/2007,48.794,38.523,43.175
1/7/2007,44.934,34.217,37.48
1/8/2007,37.644,23.395,28.527
1/9/2007,22.692,16.086,19.132
1/10/2007,57.998,15.568,23.959
1/11/2007,76.098,21.317,36.616
1/12/2007,191.787,23.395,68.304
1/1/2008,187.307,37.644,83.64
1/2/2008,330.318,89.805,149.742
1/3/2008,273.192,87.237,141.584
1/4/2008,254.234,88.517,131.751
1/5/2008,174.919,65.646,90.113
1/6/2008,71.367,50.778,58.141
1/7/2008,50.778,38.523,44.27
1/8/2008,47.816,29.354,35.811
1/9/2008,29.354,23.395,25.637
1/10/2008,50.778,22,31.101
1/11/2008,101.771,26.299,40.308
1/12/2008,626.28,22,119.461
1/1/2009,523.361,54.851,167.187
1/2/2009,317.575,112.967,193.339
1/3/2009,275.595,87.237,131.954
1/4/2009,157.885,67.909,99.536
1/5/2009,87.237,53.82,66.295
1/6/2009,56.94,47.816,52.142
1/7/2009,50.778,36.774,42.551
1/8/2009,39.412,30.938,33.883
1/9/2009,96.37,28.576,47.087
1/10/2009,69.053,36.774,47.427
1/11/2009,87.237,32.559,52.197
1/12/2009,668.587,48.794,169.694
1/1/2010,325.199,95.04,163.344
1/2/2010,224.47,99.054,133.422
1/3/2010,435.605,80.965,142.223
1/4/2010,854.487,73.716,169.334
1/5/2010,78.514,56.94,67.594
1/6/2010,65.646,45.886,54.84
1/7/2010,48.794,37.644,44.428
1/8/2010,38.523,27.807,32.86
1/9/2010,59.065,22.692,27.195
1/10/2010,111.539,30.938,54.682
1/11/2010,144.824,39.412,66.68
1/12/2010,164.605,48.794,76.05
1/1/2011,204.642,65.646,107.074
1/2/2011,133.812,65.646,89.648
1/3/2011,607.085,164.605,332.556
1/4/2011,222.235,95.04,137.913
1/5/2011,117.3,72.537,86.782
1/6/2011,87.237,61.224,68.497
1/7/2011,61.224,46.846,53.051
1/8/2011,47.816,34.217,41.066
1/9/2011,33.383,25.558,29.964
1/10/2011,74.902,24.828,42.864
1/11/2011,152.928,29.354,53.696
1/12/2011,287.723,42.132,86.963
1/1/2012,396.633,107.303,199.06
1/2/2012,204.642,77.302,121.033
1/3/2012,166.304,65.646,98.491
1/4/2012,100.408,65.646,81.624
1/5/2012,84.703,54.851,63.118
1/6/2012,110.119,44.934,59.132
1/7/2012,48.794,35.912,43.395
1/8/2012,35.912,25.558,30.069
1/9/2012,40.31,19.43,24.231
1/10/2012,26.299,17.156,20.194
1/11/2012,45.886,16.086,27.41
1/12/2012,143.227,22,45.544
1/1/2013,320.109,33.383,76.788
1/2/2013,220.008,64.527,106.164
1/3/2013,129.212,55.891,82.001
1/4/2013,358.968,64.527,117.051
1/5/2013,187.307,46.846,60.511
1/6/2013,135.361,46.846,61.995
1/7/2013,48.794,34.217,39.368
1/8/2013,33.383,23.395,27.655
1/9/2013,24.106,18.845,21.585
1/10/2013,45.886,19.43,30.581
1/11/2013,138.483,22.692,46.686
1/12/2013,89.805,40.31,59.565
1/1/2014,57.998,28.576,37.656
1/2/2014,110.119,18.271,34.519
1/3/2014,124.685,37.644,57.757
1/4/2014,85.966,34.217,50.941
1/5/2014,34.217,24.828,27.327
1/6/2014,24.828,17.708,20.708
1/7/2014,46.846,15.06,20.216
1/8/2014,27.807,11.375,15.356
1/9/2014,39.412,9.773,12.478
1/10/2014,15.568,7.019,9.635
1/11/2014,487.578,12.234,46.251
1/12/2014,105.908,43.057,62.512
